Datatype,Size,Mapping_j,Intensity_k,Threads,Time_us,BW_GBs,GOPS,ComputeIntensity
double,128,1,1,64,21.5872,0.142307,0.00592944,0.0416667
double,128,1,10,64,12.2976,0.249805,0.104085,0.416667
double,128,1,100,64,23.5616,0.130382,0.543257,4.16667
double,128,1,1000,64,204.694,0.0150077,0.625322,41.6667
double,128,1,10000,64,2101.91,0.00146153,0.608971,416.667
double,128,1,100000,64,19635.3,0.000156453,0.651887,4166.67
double,128,4,1,64,6.7808,0.453044,0.0188768,0.0416667
double,128,4,10,64,7.184,0.427617,0.178174,0.416667
double,128,4,100,64,40.0608,0.0766834,0.319514,4.16667
double,128,4,1000,64,368.602,0.0083342,0.347258,41.6667
double,128,4,10000,64,3631.3,0.000845979,0.352491,416.667
double,128,4,100000,64,33330.7,9.21674e-05,0.384031,4166.67
double,128,16,1,64,12.3808,0.248126,0.0103386,0.0416667
double,128,16,10,64,17.2256,0.178339,0.074308,0.416667
double,128,16,100,64,36.256,0.0847308,0.353045,4.16667
double,128,16,1000,64,328.048,0.00936448,0.390187,41.6667
double,128,16,10000,64,3248.01,0.000945809,0.394087,416.667
double,128,16,100000,64,32600.3,9.42322e-05,0.392634,4166.67
double,128,32,1,64,10.32,0.297674,0.0124031,0.0416667
double,128,32,10,64,7.7664,0.39555,0.164813,0.416667
double,128,32,100,64,37.0464,0.082923,0.345513,4.16667
double,128,32,1000,64,328.624,0.00934807,0.389503,41.6667
double,128,32,10000,64,3246.63,0.000946212,0.394255,416.667
double,128,32,100000,64,32406.4,9.4796e-05,0.394983,4166.67
double,128,64,1,64,11.6128,0.264536,0.0110223,0.0416667
double,128,64,10,64,15.808,0.194332,0.0809717,0.416667
double,128,64,100,64,38.5344,0.079721,0.332171,4.16667
double,128,64,1000,64,330.202,0.00930341,0.387642,41.6667
double,128,64,10000,64,3350.4,0.000916905,0.382044,416.667
double,128,64,100000,64,32398.8,9.48182e-05,0.395076,4166.67
double,128,256,1,64,25.6512,0.11976,0.00499002,0.0416667
double,128,256,10,64,29.1072,0.105541,0.0439754,0.416667
double,128,256,100,64,47.1968,0.0650892,0.271205,4.16667
double,128,256,1000,64,341.229,0.00900276,0.375115,41.6667
double,128,256,10000,64,3260.62,0.000942151,0.392563,416.667
double,128,256,100000,64,32657.8,9.40664e-05,0.391943,4166.67
double,128,512,1,64,26.6976,0.115067,0.00479444,0.0416667
double,128,512,10,64,29.6768,0.103515,0.0431313,0.416667
double,128,512,100,64,58.72,0.0523161,0.217984,4.16667
double,128,512,1000,64,350.058,0.0087757,0.365654,41.6667
double,128,512,10000,64,3265.19,0.000940834,0.392014,416.667
double,128,512,100000,64,32780.1,9.37154e-05,0.390481,4166.67
float,128,1,1,64,32.2304,0.0476569,0.00397141,0.0833333
float,128,1,10,64,29.0432,0.0528867,0.0440723,0.833333
float,128,1,100,64,29.2608,0.0524934,0.437445,8.33333
float,128,1,1000,64,143.466,0.0107064,0.8922,83.3333
float,128,1,10000,64,1481.36,0.00103689,0.864071,833.333
float,128,1,100000,64,13940.3,0.000110184,0.918201,8333.33
float,128,4,1,64,11.0336,0.139211,0.0116009,0.0833333
float,128,4,10,64,12.9312,0.118782,0.0989854,0.833333
float,128,4,100,64,30.8736,0.0497512,0.414594,8.33333
float,128,4,1000,64,278.883,0.00550768,0.458974,83.3333
float,128,4,10000,64,2757.08,0.000557111,0.46426,833.333
float,128,4,100000,64,27636.6,5.55785e-05,0.463154,8333.33
float,128,16,1,64,6.864,0.223776,0.018648,0.0833333
float,128,16,10,64,16.2112,0.0947493,0.0789578,0.833333
float,128,16,100,64,31.3024,0.0490697,0.408914,8.33333
float,128,16,1000,64,279.293,0.0054996,0.4583,83.3333
float,128,16,10000,64,2789.55,0.000550627,0.458856,833.333
float,128,16,100000,64,27528.9,5.5796e-05,0.464966,8333.33
float,128,32,1,64,12.8192,0.11982,0.00998502,0.0833333
float,128,32,10,64,13.6,0.112941,0.0941176,0.833333
float,128,32,100,64,32.1312,0.047804,0.398367,8.33333
float,128,32,1000,64,279.821,0.00548923,0.457436,83.3333
float,128,32,10000,64,2756.55,0.000557219,0.464349,833.333
float,128,32,100000,64,27682.4,5.54865e-05,0.462388,8333.33
float,128,64,1,64,6.224,0.246787,0.0205656,0.0833333
float,128,64,10,64,19.0432,0.0806587,0.0672156,0.833333
float,128,64,100,64,33.488,0.0458672,0.382226,8.33333
float,128,64,1000,64,282.621,0.00543484,0.452904,83.3333
float,128,64,10000,64,2758.62,0.000556799,0.463999,833.333
float,128,64,100000,64,27551.2,5.57507e-05,0.464589,8333.33
float,128,256,1,64,22.3424,0.0687482,0.00572902,0.0833333
float,128,256,10,64,23.1936,0.0662252,0.0551876,0.833333
float,128,256,100,64,42.192,0.036405,0.303375,8.33333
float,128,256,1000,64,289.917,0.00529807,0.441506,83.3333
float,128,256,10000,64,2768.24,0.000554865,0.462388,833.333
float,128,256,100000,64,27671.9,5.55076e-05,0.462563,8333.33
float,128,512,1,64,26.7008,0.0575264,0.00479386,0.0833333
float,128,512,10,64,29.1264,0.0527357,0.0439464,0.833333
float,128,512,100,64,53.9328,0.0284799,0.237332,8.33333
float,128,512,1000,64,305.824,0.0050225,0.418541,83.3333
float,128,512,10000,64,2779.27,0.000552664,0.460553,833.333
float,128,512,100000,64,27596.5,5.56593e-05,0.463827,8333.33
double,512,1,1,64,40.7616,0.30146,0.0125608,0.0416667
double,512,1,10,64,30.208,0.40678,0.169492,0.416667
double,512,1,100,64,31.408,0.391238,1.63016,4.16667
double,512,1,1000,64,168.141,0.0730816,3.04507,41.6667
double,512,1,10000,64,1629.64,0.00754032,3.1418,416.667
double,512,1,100000,64,16340.8,0.000751985,3.13327,4166.67
double,512,4,1,64,15.024,0.817891,0.0340788,0.0416667
double,512,4,10,64,15.7056,0.782396,0.325998,0.416667
double,512,4,100,64,68.72,0.178813,0.745052,4.16667
double,512,4,1000,64,653.312,0.0188088,0.783699,41.6667
double,512,4,10000,64,6499.38,0.00189064,0.787768,416.667
double,512,4,100000,64,65117.3,0.000188706,0.786274,4166.67
double,512,16,1,64,23.1744,0.53024,0.0220933,0.0416667
double,512,16,10,64,17.7632,0.691767,0.288236,0.416667
double,512,16,100,64,134.662,0.0912504,0.38021,4.16667
double,512,16,1000,64,1301.01,0.00944498,0.393541,41.6667
double,512,16,10000,64,13105.6,0.000937617,0.390674,416.667
double,512,16,100000,64,129988,9.45321e-05,0.393884,4166.67
double,512,32,1,64,15.4144,0.797177,0.0332157,0.0416667
double,512,32,10,64,18.5984,0.660702,0.275292,0.416667
double,512,32,100,64,137.046,0.0896631,0.373596,4.16667
double,512,32,1000,64,1301.83,0.00943904,0.393293,41.6667
double,512,32,10000,64,12963.8,0.000947868,0.394945,416.667
double,512,32,100000,64,129895,9.45995e-05,0.394165,4166.67
double,512,64,1,64,8.32,1.47692,0.0615385,0.0416667
double,512,64,10,64,25.4656,0.482533,0.201056,0.416667
double,512,64,100,64,136.976,0.0897091,0.373788,4.16667
double,512,64,1000,64,1305.15,0.009415,0.392291,41.6667
double,512,64,10000,64,12968.8,0.000947502,0.394792,416.667
double,512,64,100000,64,130005,9.45195e-05,0.393831,4166.67
double,512,256,1,64,22.1056,0.555877,0.0231616,0.0416667
double,512,256,10,64,28.7584,0.427284,0.178035,0.416667
double,512,256,100,64,150.97,0.0813939,0.339141,4.16667
double,512,256,1000,64,1312.2,0.00936444,0.390185,41.6667
double,512,256,10000,64,12973.4,0.000947167,0.394653,416.667
double,512,256,100000,64,130087,9.44595e-05,0.393581,4166.67
double,512,512,1,64,28.6752,0.428524,0.0178552,0.0416667
double,512,512,10,64,40.3648,0.304424,0.126843,0.416667
double,512,512,100,64,157.222,0.0781568,0.325653,4.16667
double,512,512,1000,64,1324.14,0.00927998,0.386666,41.6667
double,512,512,10000,64,12994,0.00094567,0.394029,416.667
double,512,512,100000,64,130057,9.44818e-05,0.393674,4166.67
float,512,1,1,64,34.9696,0.175695,0.0146413,0.0833333
float,512,1,10,64,67.8272,0.0905831,0.0754859,0.833333
float,512,1,100,64,33.3504,0.184226,1.53521,8.33333
float,512,1,1000,64,143.498,0.042816,3.568,83.3333
float,512,1,10000,64,1474.57,0.00416663,3.47219,833.333
float,512,1,100000,64,14189.7,0.000432992,3.60826,8333.33
float,512,4,1,64,29.1488,0.210781,0.017565,0.0833333
float,512,4,10,64,24.8032,0.24771,0.206425,0.833333
float,512,4,100,64,61.3056,0.100219,0.83516,8.33333
float,512,4,1000,64,558.221,0.0110064,0.9172,83.3333
float,512,4,10000,64,5527.27,0.00111158,0.926316,833.333
float,512,4,100000,64,55342,0.000111019,0.925157,8333.33
float,512,16,1,64,5.7504,1.06845,0.0890373,0.0833333
float,512,16,10,64,21.568,0.284866,0.237389,0.833333
float,512,16,100,64,115.008,0.0534224,0.445186,8.33333
float,512,16,1000,64,1106.66,0.00555186,0.462655,83.3333
float,512,16,10000,64,11019.8,0.000557541,0.464618,833.333
float,512,16,100000,64,110494,5.5605e-05,0.463375,8333.33
float,512,32,1,64,15.6928,0.391517,0.0326264,0.0833333
float,512,32,10,64,16.4192,0.374196,0.31183,0.833333
float,512,32,100,64,115.613,0.0531429,0.442858,8.33333
float,512,32,1000,64,1106.48,0.00555274,0.462729,83.3333
float,512,32,10000,64,11134.9,0.000551776,0.459814,833.333
float,512,32,100000,64,110388,5.56582e-05,0.463819,8333.33
float,512,64,1,64,16.288,0.37721,0.0314342,0.0833333
float,512,64,10,64,56.3968,0.108942,0.0907853,0.833333
float,512,64,100,64,117.037,0.0524963,0.437469,8.33333
float,512,64,1000,64,1108.32,0.00554353,0.46196,83.3333
float,512,64,10000,64,11025.3,0.000557265,0.464388,833.333
float,512,64,100000,64,110452,5.56257e-05,0.463548,8333.33
float,512,256,1,64,16.6432,0.36916,0.0307633,0.0833333
float,512,256,10,64,26.5504,0.231409,0.192841,0.833333
float,512,256,100,64,125.802,0.0488388,0.40699,8.33333
float,512,256,1000,64,1119.01,0.00549056,0.457547,83.3333
float,512,256,10000,64,11028.6,0.000557099,0.46425,833.333
float,512,256,100000,64,110305,5.57002e-05,0.464168,8333.33
float,512,512,1,64,35.7632,0.171797,0.0143164,0.0833333
float,512,512,10,64,38.208,0.160804,0.134003,0.833333
float,512,512,100,64,137.514,0.0446792,0.372327,8.33333
float,512,512,1000,64,1243.75,0.00493991,0.411659,83.3333
float,512,512,10000,64,11046.1,0.000556216,0.463514,833.333
float,512,512,100000,64,110408,5.56482e-05,0.463735,8333.33
double,4096,1,1,64,22.0864,4.45088,0.185453,0.0416667
double,4096,1,10,64,12.3744,7.94414,3.31006,0.416667
double,4096,1,100,64,26.3968,3.72409,15.517,4.16667
double,4096,1,1000,64,172.819,0.568826,23.7011,41.6667
double,4096,1,10000,64,1695.8,0.057969,24.1538,416.667
double,4096,1,100000,64,16960.8,0.00579597,24.1499,4166.67
double,4096,4,1,64,7.0464,13.951,0.58129,0.0416667
double,4096,4,10,64,16.4352,5.98131,2.49221,0.416667
double,4096,4,100,64,68.8,1.42884,5.95349,4.16667
double,4096,4,1000,64,653.642,0.150394,6.26643,41.6667
double,4096,4,10000,64,6502.88,0.015117,6.29874,416.667
double,4096,4,100000,64,65158.2,0.0015087,6.28624,4166.67
double,4096,16,1,64,8.9216,11.0187,0.45911,0.0416667
double,4096,16,10,64,32.2912,3.0443,1.26846,0.416667
double,4096,16,100,64,266.246,0.369222,1.53842,4.16667
double,4096,16,1000,64,2605.51,0.0377293,1.57205,41.6667
double,4096,16,10000,64,25991.2,0.0037822,1.57592,416.667
double,4096,16,100000,64,260416,0.000377489,1.57287,4166.67
double,4096,32,1,64,14.9984,6.5543,0.273096,0.0416667
double,4096,32,10,64,61.8592,1.58916,0.662149,0.416667
double,4096,32,100,64,530.845,0.185184,0.7716,4.16667
double,4096,32,1000,64,5226.96,0.0188071,0.783629,41.6667
double,4096,32,10000,64,52031.1,0.00188933,0.787222,416.667
double,4096,32,100000,64,521080,0.000188654,0.78606,4166.67
double,4096,64,1,64,27.1136,3.62563,0.151068,0.0416667
double,4096,64,10,64,120.397,0.8165,0.340208,0.416667
double,4096,64,100,64,1057.24,0.0929821,0.387426,4.16667
double,4096,64,1000,64,10392.5,0.00945914,0.394131,41.6667
double,4096,64,10000,64,103997,0.000945254,0.393856,416.667
double,4096,64,100000,64,1.0414e+06,9.43961e-05,0.393317,4166.67
double,4096,256,1,64,35.7664,2.7485,0.114521,0.0416667
double,4096,256,10,64,130.08,0.75572,0.314883,0.416667
double,4096,256,100,64,1064.79,0.0923227,0.384678,4.16667
double,4096,256,1000,64,10402.7,0.00944982,0.393742,41.6667
double,4096,256,10000,64,103946,0.000945722,0.394051,416.667
double,4096,256,100000,64,1.04024e+06,9.45011e-05,0.393755,4166.67
double,4096,512,1,64,56.752,1.73217,0.0721737,0.0416667
double,4096,512,10,64,140.797,0.698198,0.290916,0.416667
double,4096,512,100,64,1073.5,0.091573,0.381554,4.16667
double,4096,512,1000,64,10401.1,0.00945131,0.393804,41.6667
double,4096,512,10000,64,104057,0.000944717,0.393632,416.667
double,4096,512,100000,64,1.0394e+06,9.45779e-05,0.394075,4166.67
float,4096,1,1,64,41.056,1.19719,0.0997662,0.0833333
float,4096,1,10,64,59.824,0.82161,0.684675,0.833333
float,4096,1,100,64,31.712,1.54995,12.9162,8.33333
float,4096,1,1000,64,153.51,0.320187,26.6822,83.3333
float,4096,1,10000,64,1463.55,0.0335841,27.9868,833.333
float,4096,1,100000,64,14832.5,0.00331381,27.6151,8333.33
float,4096,4,1,64,31.1264,1.57911,0.131592,0.0833333
float,4096,4,10,64,22.3136,2.20278,1.83565,0.833333
float,4096,4,100,64,61.472,0.799584,6.6632,8.33333
float,4096,4,1000,64,557.514,0.0881629,7.34691,83.3333
float,4096,4,10000,64,5528.26,0.00889105,7.40921,833.333
float,4096,4,100000,64,55428.3,0.000886767,7.38973,8333.33
float,4096,16,1,64,17.5968,2.79324,0.23277,0.0833333
float,4096,16,10,64,28.0064,1.75503,1.46252,0.833333
float,4096,16,100,64,229.235,0.214417,1.78681,8.33333
float,4096,16,1000,64,2214.69,0.0221936,1.84947,83.3333
float,4096,16,10000,64,22092.8,0.0022248,1.854,833.333
float,4096,16,100000,64,221490,0.000221915,1.84929,8333.33
float,4096,32,1,64,13.392,3.67025,0.305854,0.0833333
float,4096,32,10,64,53.1872,0.924132,0.77011,0.833333
float,4096,32,100,64,458.262,0.107257,0.893811,8.33333
float,4096,32,1000,64,4426.33,0.0111045,0.925372,83.3333
float,4096,32,10000,64,44347.7,0.00110833,0.923611,833.333
float,4096,32,100000,64,442914,0.000110974,0.924784,8333.33
float,4096,64,1,64,24.0032,2.04773,0.170644,0.0833333
float,4096,64,10,64,103.443,0.475159,0.395966,0.833333
float,4096,64,100,64,905.424,0.0542862,0.452385,8.33333
float,4096,64,1000,64,8830.68,0.00556605,0.463838,83.3333
float,4096,64,10000,64,88349.6,0.000556335,0.463612,833.333
float,4096,64,100000,64,883749,5.56176e-05,0.46348,8333.33
float,4096,256,1,64,32.768,1.5,0.125,0.0833333
float,4096,256,10,64,113.245,0.434033,0.361694,0.833333
float,4096,256,100,64,913.002,0.0538356,0.44863,8.33333
float,4096,256,1000,64,8937.34,0.00549962,0.458302,83.3333
float,4096,256,10000,64,88383.9,0.000556119,0.463433,833.333
float,4096,256,100000,64,888098,5.53453e-05,0.461211,8333.33
float,4096,512,1,64,45.312,1.08475,0.0903955,0.0833333
float,4096,512,10,64,123.587,0.397711,0.331426,0.833333
float,4096,512,100,64,916.982,0.0536019,0.446683,8.33333
float,4096,512,1000,64,8854.94,0.0055508,0.462567,83.3333
float,4096,512,10000,64,89519.5,0.000549065,0.457554,833.333
float,4096,512,100000,64,882445,5.56998e-05,0.464165,8333.33
double,32768,1,1,64,12.8096,61.394,2.55808,0.0416667
double,32768,1,10,64,36.8096,21.3649,8.90203,0.416667
double,32768,1,100,64,40.2368,19.5451,81.4379,4.16667
double,32768,1,1000,64,358.426,2.19413,91.422,41.6667
double,32768,1,10000,64,3623.24,0.217052,90.4384,416.667
double,32768,1,100000,64,35532,0.0221331,92.2211,4166.67
double,32768,4,1,64,7.68,102.4,4.26667,0.0416667
double,32768,4,10,64,16.4096,47.9251,19.9688,0.416667
double,32768,4,100,64,75.6576,10.3946,43.3109,4.16667
double,32768,4,1000,64,715.546,1.09907,45.7944,41.6667
double,32768,4,10000,64,7109.13,0.110623,46.0928,416.667
double,32768,4,100000,64,70984.7,0.0110789,46.1621,4166.67
double,32768,16,1,64,34.9792,22.4828,0.936785,0.0416667
double,32768,16,10,64,34.9856,22.4787,9.36614,0.416667
double,32768,16,100,64,270.749,2.90466,12.1027,4.16667
double,32768,16,1000,64,2625.68,0.299516,12.4798,41.6667
double,32768,16,10000,64,26175,0.0300452,12.5188,416.667
double,32768,16,100000,64,261710,0.00300497,12.5207,4166.67
double,32768,32,1,64,20.4,38.5506,1.60627,0.0416667
double,32768,32,10,64,63.9104,12.3052,5.12718,0.416667
double,32768,32,100,64,533.184,1.47497,6.14572,4.16667
double,32768,32,1000,64,5244.14,0.149964,6.24849,41.6667
double,32768,32,10000,64,52338.6,0.0150258,6.26077,416.667
double,32768,32,100000,64,523375,0.00150262,6.2609,4166.67
double,32768,64,1,64,27.232,28.879,1.20329,0.0416667
double,32768,64,10,64,121.523,6.47146,2.69644,0.416667
double,32768,64,100,64,1063.86,0.739223,3.0801,4.16667
double,32768,64,1000,64,10482.5,0.0750231,3.12596,41.6667
double,32768,64,10000,64,104689,0.00751208,3.13003,416.667
double,32768,64,100000,64,1.04674e+06,0.000751314,3.13048,4166.67
double,32768,256,1,64,100.246,7.84499,0.326875,0.0416667
double,32768,256,10,64,476.883,1.64911,0.687128,0.416667
double,32768,256,100,64,4244.21,0.185295,0.772063,4.16667
double,32768,256,1000,64,41921.9,0.0187594,0.781644,41.6667
double,32768,256,10000,64,418946,0.00187717,0.782153,416.667
double,32768,256,100000,64,4.20058e+06,0.00018722,0.780084,4166.67
double,32768,512,1,64,197.76,3.9767,0.165696,0.0416667
double,32768,512,10,64,950.15,0.827692,0.344872,0.416667
double,32768,512,100,64,8478.62,0.0927547,0.386478,4.16667
double,32768,512,1000,64,83889.4,0.00937463,0.390609,41.6667
double,32768,512,10000,64,838125,0.000938323,0.390968,416.667
double,32768,512,100000,64,8.38729e+06,9.37647e-05,0.390686,4166.67
float,32768,1,1,64,44.176,8.90112,0.74176,0.0833333
float,32768,1,10,64,25.1456,15.6376,13.0313,0.833333
float,32768,1,100,64,41.6128,9.4494,78.745,8.33333
float,32768,1,1000,64,321.142,1.22443,102.036,83.3333
float,32768,1,10000,64,3209.73,0.122508,102.09,833.333
float,32768,1,100000,64,31381.6,0.0125301,104.418,8333.33
float,32768,4,1,64,28.9824,13.5674,1.13062,0.0833333
float,32768,4,10,64,26.4192,14.8837,12.4031,0.833333
float,32768,4,100,64,68.128,5.77172,48.0977,8.33333
float,32768,4,1000,64,614,0.640417,53.3681,83.3333
float,32768,4,10000,64,6071.31,0.0647663,53.9719,833.333
float,32768,4,100000,64,60638.7,0.00648457,54.0381,8333.33
float,32768,16,1,64,8.2144,47.8691,3.98909,0.0833333
float,32768,16,10,64,30.7392,12.792,10.66,0.833333
float,32768,16,100,64,229.466,1.71362,14.2801,8.33333
float,32768,16,1000,64,2231.12,0.176241,14.6868,83.3333
float,32768,16,10000,64,22258.4,0.017666,14.7217,833.333
float,32768,16,100000,64,222541,0.00176694,14.7245,8333.33
float,32768,32,1,64,16.4416,23.9159,1.99299,0.0833333
float,32768,32,10,64,55.8848,7.03619,5.86349,0.833333
float,32768,32,100,64,456.95,0.860522,7.17102,8.33333
float,32768,32,1000,64,4459.57,0.0881734,7.34779,83.3333
float,32768,32,10000,64,44491.4,0.00883802,7.36502,833.333
float,32768,32,100000,64,444866,0.000883897,7.36581,8333.33
float,32768,64,1,64,24.1152,16.3057,1.35881,0.0833333
float,32768,64,10,64,104.262,3.77141,3.14284,0.833333
float,32768,64,100,64,914.029,0.430201,3.58501,8.33333
float,32768,64,1000,64,8915.17,0.0441064,3.67553,83.3333
float,32768,64,10000,64,88991.6,0.00441857,3.68215,833.333
float,32768,64,100000,64,889728,0.000441951,3.68292,8333.33
float,32768,256,1,64,91.5072,4.2971,0.358092,0.0833333
float,32768,256,10,64,413.597,0.950723,0.792269,0.833333
float,32768,256,100,64,3613.14,0.10883,0.906913,8.33333
float,32768,256,1000,64,35637.1,0.0110339,0.91949,83.3333
float,32768,256,10000,64,356187,0.00110396,0.919967,833.333
float,32768,256,100000,64,3.56685e+06,0.000110242,0.918682,8333.33
float,32768,512,1,64,173.12,2.27135,0.189279,0.0833333
float,32768,512,10,64,814.333,0.482869,0.402391,0.833333
float,32768,512,100,64,7209.93,0.0545381,0.454484,8.33333
float,32768,512,1000,64,71293,0.00551549,0.459624,83.3333
float,32768,512,10000,64,712421,0.000551944,0.459953,833.333
float,32768,512,100000,64,7.12307e+06,5.52031e-05,0.460026,8333.33
double,65536,1,1,64,27.6704,56.8428,2.36845,0.0416667
double,65536,1,10,64,24.3296,64.6482,26.9367,0.416667
double,65536,1,100,64,78.5312,20.0285,83.4522,4.16667
double,65536,1,1000,64,755.514,2.08185,86.7436,41.6667
double,65536,1,10000,64,7876.08,0.199701,83.2089,416.667
double,65536,1,100000,64,77438.7,0.0203111,84.6296,4166.67
double,65536,4,1,64,7.5104,209.425,8.72603,0.0416667
double,65536,4,10,64,17.68,88.9629,37.0679,0.416667
double,65536,4,100,64,91.6672,17.1584,71.4934,4.16667
double,65536,4,1000,64,810.758,1.93999,80.833,41.6667
double,65536,4,10000,64,8026.86,0.19595,81.6459,416.667
double,65536,4,100000,64,80567.8,0.0195222,81.3427,4166.67
double,65536,16,1,64,15.792,99.5988,4.14995,0.0416667
double,65536,16,10,64,33.6288,46.7713,19.4881,0.416667
double,65536,16,100,64,277.795,5.66196,23.5915,4.16667
double,65536,16,1000,64,2708.27,0.580764,24.1985,41.6667
double,65536,16,10000,64,26955.1,0.0583513,24.313,416.667
double,65536,16,100000,64,269770,0.00583038,24.2932,4166.67
double,65536,32,1,64,17.8144,88.2917,3.67882,0.0416667
double,65536,32,10,64,63.5488,24.7505,10.3127,0.416667
double,65536,32,100,64,533.286,2.94938,12.2891,4.16667
double,65536,32,1000,64,5351.54,0.293909,12.2462,41.6667
double,65536,32,10000,64,52486.8,0.0299668,12.4862,416.667
double,65536,32,100000,64,524671,0.00299781,12.4909,4166.67
double,65536,64,1,64,27.344,57.5214,2.39672,0.0416667
double,65536,64,10,64,121.571,12.9378,5.39075,0.416667
double,65536,64,100,64,1063.81,1.47851,6.16047,4.16667
double,65536,64,1000,64,10482.9,0.150041,6.25171,41.6667
double,65536,64,10000,64,104947,0.0149873,6.24469,416.667
double,65536,64,100000,64,1.04946e+06,0.00149874,6.24475,4166.67
double,65536,256,1,64,101.504,15.4956,0.645649,0.0416667
double,65536,256,10,64,476.886,3.29819,1.37425,0.416667
double,65536,256,100,64,4245.08,0.370514,1.54381,4.16667
double,65536,256,1000,64,42089.7,0.0373693,1.55705,41.6667
double,65536,256,10000,64,419796,0.00374673,1.56114,416.667
double,65536,256,100000,64,4.19677e+06,0.00037478,1.56158,4166.67
double,65536,512,1,64,197.798,7.95185,0.331327,0.0416667
double,65536,512,10,64,950.938,1.65401,0.689172,0.416667
double,65536,512,100,64,8485.84,0.185352,0.772298,4.16667
double,65536,512,1000,64,84135.3,0.0186944,0.778935,41.6667
double,65536,512,10000,64,839644,0.00187325,0.780522,416.667
double,65536,512,100000,64,8.3936e+06,0.000187388,0.780785,4166.67
float,65536,1,1,64,42.656,18.4366,1.53638,0.0833333
float,65536,1,10,64,31.6224,24.8695,20.7245,0.833333
float,65536,1,100,64,70.672,11.1279,92.7326,8.33333
float,65536,1,1000,64,659.722,1.19207,99.3389,83.3333
float,65536,1,10000,64,6845.11,0.11489,95.7414,833.333
float,65536,1,100000,64,67681.7,0.0116196,96.8297,8333.33
float,65536,4,1,64,12.7136,61.8575,5.15479,0.0833333
float,65536,4,10,64,16.5664,47.4715,39.5596,0.833333
float,65536,4,100,64,78.208,10.0556,83.7971,8.33333
float,65536,4,1000,64,699.773,1.12384,93.6533,83.3333
float,65536,4,10000,64,6939.75,0.113323,94.4357,833.333
float,65536,4,100000,64,69471.1,0.0113203,94.3356,8333.33
float,65536,16,1,64,8.3584,94.0888,7.84073,0.0833333
float,65536,16,10,64,29.376,26.7712,22.3094,0.833333
float,65536,16,100,64,239.046,3.28987,27.4156,8.33333
float,65536,16,1000,64,2336.73,0.336552,28.046,83.3333
float,65536,16,10000,64,23480.2,0.0334934,27.9111,833.333
float,65536,16,100000,64,233646,0.00336592,28.0493,8333.33
float,65536,32,1,64,30.3264,25.9323,2.16102,0.0833333
float,65536,32,10,64,56.112,14.0154,11.6795,0.833333
float,65536,32,100,64,458.243,1.71619,14.3016,8.33333
float,65536,32,1000,64,4463.99,0.176172,14.681,83.3333
float,65536,32,10000,64,44528.8,0.0176612,14.7177,833.333
float,65536,32,100000,64,446190,0.00176255,14.6879,8333.33
float,65536,64,1,64,24.1792,32.5251,2.71043,0.0833333
float,65536,64,10,64,104.285,7.54119,6.28433,0.833333
float,65536,64,100,64,913.821,0.860598,7.17165,8.33333
float,65536,64,1000,64,8918.89,0.088176,7.348,83.3333
float,65536,64,10000,64,89241.2,0.00881244,7.3437,833.333
float,65536,64,100000,64,891920,0.00088173,7.34775,8333.33
float,65536,256,1,64,90.9152,8.65017,0.720848,0.0833333
float,65536,256,10,64,409.779,1.91916,1.5993,0.833333
float,65536,256,100,64,3743.62,0.210073,1.75061,8.33333
float,65536,256,1000,64,35638.9,0.0220667,1.83889,83.3333
float,65536,256,10000,64,356768,0.00220433,1.83694,833.333
float,65536,256,100000,64,3.56703e+06,0.000220473,1.83727,8333.33
float,65536,512,1,64,173.744,4.52638,0.377199,0.0833333
float,65536,512,10,64,813.213,0.967068,0.80589,0.833333
float,65536,512,100,64,7218.58,0.108946,0.90788,8.33333
float,65536,512,1000,64,71539.7,0.0109929,0.916079,83.3333
float,65536,512,10000,64,713461,0.00110228,0.918565,833.333
float,65536,512,100000,64,7.13416e+06,0.000110235,0.918622,8333.33
double,262144,1,1,64,28.6976,219.233,9.1347,0.0416667
double,262144,1,10,64,44,142.988,59.5782,0.416667
double,262144,1,100,64,278.97,22.5525,93.9687,4.16667
double,262144,1,1000,64,2757.76,2.28136,95.0567,41.6667
double,262144,1,10000,64,27040.3,0.23267,96.9456,416.667
double,262144,1,100000,64,268256,0.0234532,97.7217,4166.67
double,262144,4,1,64,21.6096,291.142,12.1309,0.0416667
double,262144,4,10,64,37.4912,167.812,69.9215,0.416667
double,262144,4,100,64,295.094,21.3201,88.8339,4.16667
double,262144,4,1000,64,3034.95,2.073,86.3751,41.6667
double,262144,4,10000,64,31026.2,0.202779,84.4911,416.667
double,262144,4,100000,64,315715,0.0199276,83.0318,4166.67
double,262144,16,1,64,21.9232,286.977,11.9574,0.0416667
double,262144,16,10,64,45.2832,138.936,57.8899,0.416667
double,262144,16,100,64,332.125,18.943,78.9294,4.16667
double,262144,16,1000,64,3247.8,1.93714,80.7142,41.6667
double,262144,16,10000,64,32117.2,0.195891,81.6211,416.667
double,262144,16,100000,64,321947,0.0195419,81.4247,4166.67
double,262144,32,1,64,25.6416,245.361,10.2234,0.0416667
double,262144,32,10,64,74.3072,84.6682,35.2784,0.416667
double,262144,32,100,64,584.358,10.7664,44.8601,4.16667
double,262144,32,1000,64,5703.84,1.10302,45.9592,41.6667
double,262144,32,10000,64,56975.2,0.110425,46.0102,416.667
double,262144,32,100000,64,569595,0.0110455,46.0228,4166.67
double,262144,64,1,64,41.4912,151.634,6.31806,0.0416667
double,262144,64,10,64,134.49,46.7802,19.4918,0.416667
double,262144,64,100,64,1106.83,5.68423,23.6843,4.16667
double,262144,64,1000,64,10826,0.581145,24.2144,41.6667
double,262144,64,10000,64,108014,0.0582466,24.2694,416.667
double,262144,64,100000,64,1.08019e+06,0.0058244,24.2683,4166.67
double,262144,256,1,64,132.995,47.3059,1.97108,0.0416667
double,262144,256,10,64,505.197,12.4535,5.18895,0.416667
double,262144,256,100,64,4386.65,1.43423,5.97595,4.16667
double,262144,256,1000,64,41953.9,0.149961,6.24838,41.6667
double,262144,256,10000,64,420098,0.0149762,6.24007,416.667
double,262144,256,100000,64,4.20948e+06,0.00149459,6.22747,4166.67
double,262144,512,1,64,259.347,24.2588,1.01078,0.0416667
double,262144,512,10,64,1008.23,6.24008,2.60003,0.416667
double,262144,512,100,64,8544.26,0.736338,3.06807,4.16667
double,262144,512,1000,64,84184.3,0.0747343,3.11393,41.6667
double,262144,512,10000,64,839384,0.00749532,3.12305,416.667
double,262144,512,100000,64,8.40195e+06,0.000748809,3.12004,4166.67
float,262144,1,1,64,36.56,86.0429,7.17024,0.0833333
float,262144,1,10,64,43.8592,71.7233,59.7694,0.833333
float,262144,1,100,64,244.237,12.8798,107.332,8.33333
float,262144,1,1000,64,2614.65,1.20312,100.26,83.3333
float,262144,1,10000,64,23714,0.132653,110.544,833.333
float,262144,1,100000,64,237736,0.013232,110.267,8333.33
float,262144,4,1,64,13.8208,227.608,18.9674,0.0833333
float,262144,4,10,64,32.6016,96.49,80.4083,0.833333
float,262144,4,100,64,263.648,11.9315,99.4295,8.33333
float,262144,4,1000,64,2612.6,1.20406,100.339,83.3333
float,262144,4,10000,64,26930.5,0.116809,97.3409,833.333
float,262144,4,100000,64,278330,0.0113022,94.1848,8333.33
float,262144,16,1,64,29.8272,105.465,8.78876,0.0833333
float,262144,16,10,64,41.2256,76.3052,63.5877,0.833333
float,262144,16,100,64,291.834,10.7792,89.8265,8.33333
float,262144,16,1000,64,2787.34,1.12858,94.0481,83.3333
float,262144,16,10000,64,27728.9,0.113446,94.5381,833.333
float,262144,16,100000,64,278023,0.0113146,94.2885,8333.33
float,262144,32,1,64,21.2,148.383,12.3653,0.0833333
float,262144,32,10,64,64.2176,48.9855,40.8212,0.833333
float,262144,32,100,64,499.504,6.2977,52.4809,8.33333
float,262144,32,1000,64,4865.42,0.646548,53.879,83.3333
float,262144,32,10000,64,48674.8,0.0646274,53.8562,833.333
float,262144,32,100000,64,486035,0.00647222,53.9352,8333.33
float,262144,64,1,64,35.0496,89.7508,7.47923,0.0833333
float,262144,64,10,64,120.829,26.0346,21.6955,0.833333
float,262144,64,100,64,951.542,3.30593,27.5494,8.33333
float,262144,64,1000,64,9483.9,0.331691,27.6409,83.3333
float,262144,64,10000,64,93387.1,0.0336848,28.0707,833.333
float,262144,64,100000,64,934680,0.00336557,28.0464,8333.33
float,262144,256,1,64,121.357,25.9213,2.16011,0.0833333
float,262144,256,10,64,450.819,6.9778,5.81484,0.833333
float,262144,256,100,64,3640.94,0.863988,7.1999,8.33333
float,262144,256,1000,64,35670.3,0.088189,7.34908,83.3333
float,262144,256,10000,64,356701,0.00881894,7.34912,833.333
float,262144,256,100000,64,3.56789e+06,0.000881678,7.34731,8333.33
float,262144,512,1,64,233.366,13.4798,1.12332,0.0833333
float,262144,512,10,64,870.416,3.61405,3.01171,0.833333
float,262144,512,100,64,7278.12,0.432217,3.60181,8.33333
float,262144,512,1000,64,71610.1,0.0439285,3.66071,83.3333
float,262144,512,10000,64,713579,0.00440838,3.67365,833.333
float,262144,512,100000,64,7.14051e+06,0.000440547,3.67122,8333.33
double,1048576,1,1,64,76.5024,328.955,13.7064,0.0416667
double,1048576,1,10,64,118.781,211.868,88.2782,0.416667
double,1048576,1,100,64,1204.78,20.8882,87.0344,4.16667
double,1048576,1,1000,64,11002.2,2.28735,95.306,41.6667
double,1048576,1,10000,64,107474,0.234157,97.5654,416.667
double,1048576,1,100000,64,1.0583e+06,0.0237794,99.081,4166.67
double,1048576,4,1,64,75.0944,335.123,13.9634,0.0416667
double,1048576,4,10,64,118.026,213.223,88.8431,0.416667
double,1048576,4,100,64,1097.51,22.9299,95.5413,4.16667
double,1048576,4,1000,64,10973,2.29344,95.5599,41.6667
double,1048576,4,10000,64,107588,0.233909,97.4621,416.667
double,1048576,4,100000,64,1.07741e+06,0.0233577,97.3237,4166.67
double,1048576,16,1,64,79.5232,316.459,13.1858,0.0416667
double,1048576,16,10,64,131.824,190.905,79.5436,0.416667
double,1048576,16,100,64,1213.49,20.7384,86.4099,4.16667
double,1048576,16,1000,64,12189.1,2.06461,86.0255,41.6667
double,1048576,16,10000,64,125573,0.200408,83.5034,416.667
double,1048576,16,100000,64,1.28047e+06,0.0196536,81.8901,4166.67
double,1048576,32,1,64,75.3984,333.771,13.9071,0.0416667
double,1048576,32,10,64,129.408,194.469,81.0287,0.416667
double,1048576,32,100,64,1156.83,21.7541,90.642,4.16667
double,1048576,32,1000,64,11443,2.19923,91.6345,41.6667
double,1048576,32,10000,64,114414,0.219954,91.6476,416.667
double,1048576,32,100000,64,1.14588e+06,0.0219619,91.5081,4166.67
double,1048576,64,1,64,75.6448,332.684,13.8618,0.0416667
double,1048576,64,10,64,158.17,159.107,66.2944,0.416667
double,1048576,64,100,64,1320.09,19.0637,79.432,4.16667
double,1048576,64,1000,64,12950.8,1.94318,80.9658,41.6667
double,1048576,64,10000,64,129332,0.194583,81.0764,416.667
double,1048576,64,100000,64,1.29299e+06,0.0194633,81.0971,4166.67
double,1048576,256,1,64,155.754,161.575,6.73227,0.0416667
double,1048576,256,10,64,531.67,47.3335,19.7223,0.416667
double,1048576,256,100,64,4469.89,5.63008,23.4587,4.16667
double,1048576,256,1000,64,43916.3,0.573041,23.8767,41.6667
double,1048576,256,10000,64,437049,0.0575812,23.9922,416.667
double,1048576,256,100000,64,4.34849e+06,0.00578725,24.1135,4166.67
double,1048576,512,1,64,277.888,90.561,3.77338,0.0416667
double,1048576,512,10,64,1014.03,24.8177,10.3407,0.416667
double,1048576,512,100,64,8583.35,2.93194,12.2164,4.16667
double,1048576,512,1000,64,84669.2,0.297225,12.3844,41.6667
double,1048576,512,10000,64,843077,0.02985,12.4375,416.667
double,1048576,512,100000,64,8.40149e+06,0.0029954,12.4808,4166.67
float,1048576,1,1,64,40.5184,310.548,25.879,0.0833333
float,1048576,1,10,64,106.56,118.083,98.4024,0.833333
float,1048576,1,100,64,936.602,13.4346,111.955,8.33333
float,1048576,1,1000,64,9754.25,1.28999,107.499,83.3333
float,1048576,1,10000,64,92528.8,0.135989,113.324,833.333
float,1048576,1,100000,64,924573,0.0136094,113.412,8333.33
float,1048576,4,1,64,45.552,276.232,23.0193,0.0833333
float,1048576,4,10,64,105.51,119.258,99.3813,0.833333
float,1048576,4,100,64,957.514,13.1412,109.51,8.33333
float,1048576,4,1000,64,9634.99,1.30596,108.83,83.3333
float,1048576,4,10000,64,94171.4,0.133617,111.348,833.333
float,1048576,4,100000,64,947111,0.0132856,110.713,8333.33
float,1048576,16,1,64,44.8416,280.608,23.384,0.0833333
float,1048576,16,10,64,114.403,109.987,91.6562,0.833333
float,1048576,16,100,64,1054.55,11.9321,99.4338,8.33333
float,1048576,16,1000,64,10514.9,1.19668,99.7232,83.3333
float,1048576,16,10000,64,108199,0.116295,96.9121,833.333
float,1048576,16,100000,64,1.11804e+06,0.0112544,93.7869,8333.33
float,1048576,32,1,64,40.704,309.132,25.761,0.0833333
float,1048576,32,10,64,119.651,105.163,87.6361,0.833333
float,1048576,32,100,64,1020.84,12.3261,102.717,8.33333
float,1048576,32,1000,64,10120.2,1.24335,103.613,83.3333
float,1048576,32,10000,64,100840,0.124781,103.984,833.333
float,1048576,32,100000,64,1.00831e+06,0.0124793,103.994,8333.33
float,1048576,64,1,64,46.5952,270.047,22.5039,0.0833333
float,1048576,64,10,64,136.806,91.976,76.6467,0.833333
float,1048576,64,100,64,1140.53,11.0325,91.9375,8.33333
float,1048576,64,1000,64,11140.5,1.12948,94.1232,83.3333
float,1048576,64,10000,64,111516,0.112835,94.0291,833.333
float,1048576,64,100000,64,1.11513e+06,0.0112838,94.0314,8333.33
float,1048576,256,1,64,132.486,94.9751,7.91459,0.0833333
float,1048576,256,10,64,479.542,26.2394,21.8662,0.833333
float,1048576,256,100,64,3812.25,3.30065,27.5054,8.33333
float,1048576,256,1000,64,37691.6,0.333839,27.8199,83.3333
float,1048576,256,10000,64,375800,0.033483,27.9025,833.333
float,1048576,256,100000,64,3.75811e+06,0.0033482,27.9017,8333.33
float,1048576,512,1,64,243.789,51.614,4.30117,0.0833333
float,1048576,512,10,64,878.909,14.3165,11.9304,0.833333
float,1048576,512,100,64,7303.06,1.72297,14.358,8.33333
float,1048576,512,1000,64,71780.5,0.175297,14.6081,83.3333
float,1048576,512,10000,64,716434,0.0175632,14.636,833.333
float,1048576,512,100000,64,7.14666e+06,0.00176067,14.6723,8333.33
double,2097152,1,1,64,145.699,345.449,14.3937,0.0416667
double,2097152,1,10,64,227.539,221.2,92.1666,0.416667
double,2097152,1,100,64,2280.98,22.0658,91.941,4.16667
double,2097152,1,1000,64,21190.6,2.37519,98.9661,41.6667
double,2097152,1,10000,64,210408,0.239209,99.6706,416.667
double,2097152,1,100000,64,2.10066e+06,0.0239599,99.833,4166.67
double,2097152,4,1,64,149.28,337.163,14.0484,0.0416667
double,2097152,4,10,64,228.877,219.907,91.628,0.416667
double,2097152,4,100,64,2144.72,23.4677,97.7819,4.16667
double,2097152,4,1000,64,21936.9,2.29439,95.5995,41.6667
double,2097152,4,10000,64,213861,0.235348,98.0616,416.667
double,2097152,4,100000,64,2.14426e+06,0.0234727,97.8031,4166.67
double,2097152,16,1,64,262.646,191.633,7.9847,0.0416667
double,2097152,16,10,64,240.538,209.246,87.186,0.416667
double,2097152,16,100,64,2265.79,22.2137,92.5573,4.16667
double,2097152,16,1000,64,22791.2,2.20838,92.0158,41.6667
double,2097152,16,10000,64,228379,0.220386,91.8277,416.667
double,2097152,16,100000,64,2.26291e+06,0.022242,92.675,4166.67
double,2097152,32,1,64,150.781,333.807,13.9086,0.0416667
double,2097152,32,10,64,257.674,195.331,81.3879,0.416667
double,2097152,32,100,64,2501.96,20.1169,83.8205,4.16667
double,2097152,32,1000,64,25073.4,2.00738,83.6407,41.6667
double,2097152,32,10000,64,252014,0.199717,83.2156,416.667
double,2097152,32,100000,64,2.49335e+06,0.0201863,84.1098,4166.67
double,2097152,64,1,64,149.658,336.312,14.013,0.0416667
double,2097152,64,10,64,251.005,200.521,83.5503,0.416667
double,2097152,64,100,64,2325.29,21.6454,90.189,4.16667
double,2097152,64,1000,64,23241,2.16564,90.2348,41.6667
double,2097152,64,10000,64,231514,0.217402,90.5841,416.667
double,2097152,64,100000,64,2.33546e+06,0.0215511,89.7962,4166.67
double,2097152,256,1,64,179.69,280.103,11.671,0.0416667
double,2097152,256,10,64,564.096,89.2253,37.1772,0.416667
double,2097152,256,100,64,4747.66,10.6014,44.1723,4.16667
double,2097152,256,1000,64,46838.1,1.07459,44.7745,41.6667
double,2097152,256,10000,64,465240,0.108184,45.0768,416.667
double,2097152,256,100000,64,4.61269e+06,0.0109116,45.4648,4166.67
double,2097152,512,1,64,308.186,163.316,6.80483,0.0416667
double,2097152,512,10,64,1057.38,47.6005,19.8336,0.416667
double,2097152,512,100,64,8926.26,5.6386,23.4942,4.16667
double,2097152,512,1000,64,87779.8,0.573385,23.8911,41.6667
double,2097152,512,10000,64,871655,0.0577426,24.0594,416.667
double,2097152,512,100000,64,8.68122e+06,0.00579776,24.1573,4166.67
float,2097152,1,1,64,107.213,234.728,19.5606,0.0833333
float,2097152,1,10,64,205.696,122.345,101.954,0.833333
float,2097152,1,100,64,2019.46,12.4617,103.847,8.33333
float,2097152,1,1000,64,18505.2,1.35993,113.328,83.3333
float,2097152,1,10000,64,185813,0.135436,112.864,833.333
float,2097152,1,100000,64,1.84951e+06,0.0136067,113.389,8333.33
float,2097152,4,1,64,74.5856,337.409,28.1174,0.0833333
float,2097152,4,10,64,203.088,123.916,103.263,0.833333
float,2097152,4,100,64,1881.84,13.373,111.442,8.33333
float,2097152,4,1000,64,18744.2,1.34259,111.882,83.3333
float,2097152,4,10000,64,187373,0.134309,111.924,833.333
float,2097152,4,100000,64,1.8781e+06,0.0133996,111.664,8333.33
float,2097152,16,1,64,75.744,332.248,27.6874,0.0833333
float,2097152,16,10,64,213.715,117.754,98.1284,0.833333
float,2097152,16,100,64,1979.31,12.7144,105.954,8.33333
float,2097152,16,1000,64,20032.4,1.25626,104.688,83.3333
float,2097152,16,10000,64,196947,0.12778,106.483,833.333
float,2097152,16,100000,64,2.00703e+06,0.0125388,104.49,8333.33
float,2097152,32,1,64,84.3936,298.196,24.8497,0.0833333
float,2097152,32,10,64,229.75,109.535,91.2796,0.833333
float,2097152,32,100,64,2150.37,11.703,97.5251,8.33333
float,2097152,32,1000,64,21083.2,1.19364,99.4702,83.3333
float,2097152,32,10000,64,220414,0.114175,95.1461,833.333
float,2097152,32,100000,64,2.18472e+06,0.011519,95.9919,8333.33
float,2097152,64,1,64,77.44,324.972,27.081,0.0833333
float,2097152,64,10,64,227.498,110.62,92.1835,0.833333
float,2097152,64,100,64,2046.13,12.2992,102.494,8.33333
float,2097152,64,1000,64,20255.7,1.24241,103.534,83.3333
float,2097152,64,10000,64,202773,0.124108,103.423,833.333
float,2097152,64,100000,64,2.04117e+06,0.0123291,102.743,8333.33
float,2097152,256,1,64,150.096,167.665,13.9721,0.0833333
float,2097152,256,10,64,487.082,51.6665,43.0555,0.833333
float,2097152,256,100,64,4153.37,6.05913,50.4927,8.33333
float,2097152,256,1000,64,39440,0.638078,53.1732,83.3333
float,2097152,256,10000,64,394191,0.0638417,53.2014,833.333
float,2097152,256,100000,64,3.93554e+06,0.0063945,53.2875,8333.33
float,2097152,512,1,64,262.195,95.9813,7.99844,0.0833333
float,2097152,512,10,64,963.302,26.1245,21.7704,0.833333
float,2097152,512,100,64,7665.18,3.28314,27.3595,8.33333
float,2097152,512,1000,64,75739.8,0.332267,27.6889,83.3333
float,2097152,512,10000,64,755843,0.033295,27.7459,833.333
float,2097152,512,100000,64,7.51355e+06,0.00334939,27.9116,8333.33
double,4194304,1,1,64,336.925,298.771,12.4488,0.0416667
double,4194304,1,10,64,451.005,223.198,92.9991,0.416667
double,4194304,1,100,64,4248.45,23.6941,98.7254,4.16667
double,4194304,1,1000,64,42194.1,2.38572,99.405,41.6667
double,4194304,1,10000,64,419690,0.239851,99.938,416.667
double,4194304,1,100000,64,4.2105e+06,0.0239077,99.6153,4166.67
double,4194304,4,1,64,284.87,353.365,14.7236,0.0416667
double,4194304,4,10,64,456.87,220.332,91.8051,0.416667
double,4194304,4,100,64,4314.12,23.3334,97.2226,4.16667
double,4194304,4,1000,64,43257.6,2.32706,96.961,41.6667
double,4194304,4,10000,64,428077,0.235152,97.9802,416.667
double,4194304,4,100000,64,4.30446e+06,0.0233858,97.4408,4166.67
double,4194304,16,1,64,286.464,351.399,14.6416,0.0416667
double,4194304,16,10,64,471.296,213.588,88.9951,0.416667
double,4194304,16,100,64,4444.52,22.6488,94.3702,4.16667
double,4194304,16,1000,64,44713.2,2.25131,93.8045,41.6667
double,4194304,16,10000,64,443366,0.227043,94.6013,416.667
double,4194304,16,100000,64,4.49084e+06,0.0224152,93.3969,4166.67
double,4194304,32,1,64,290.765,346.202,14.4251,0.0416667
double,4194304,32,10,64,492.646,204.332,85.1382,0.416667
double,4194304,32,100,64,4578.22,21.9874,91.6143,4.16667
double,4194304,32,1000,64,47238.6,2.13096,88.7898,41.6667
double,4194304,32,10000,64,478829,0.210228,87.5951,416.667
double,4194304,32,100000,64,4.86698e+06,0.0206829,86.1787,4166.67
double,4194304,64,1,64,302.797,332.445,13.8519,0.0416667
double,4194304,64,10,64,557.699,180.497,75.2073,0.416667
double,4194304,64,100,64,5101.73,19.7312,82.2134,4.16667
double,4194304,64,1000,64,52256,1.92635,80.2645,41.6667
double,4194304,64,10000,64,518709,0.194065,80.8604,416.667
double,4194304,64,100000,64,5.14621e+06,0.0195607,81.5027,4166.67
double,4194304,256,1,64,295.718,340.403,14.1834,0.0416667
double,4194304,256,10,64,631.904,159.302,66.3757,0.416667
double,4194304,256,100,64,5410.28,18.6059,77.5247,4.16667
double,4194304,256,1000,64,52975.4,1.90019,79.1746,41.6667
double,4194304,256,10000,64,528720,0.190391,79.3294,416.667
double,4194304,256,100000,64,5.28065e+06,0.0190627,79.4278,4166.67
double,4194304,512,1,64,357.059,281.923,11.7468,0.0416667
double,4194304,512,10,64,1127.03,89.3173,37.2155,0.416667
double,4194304,512,100,64,9481.2,10.6172,44.2381,4.16667
double,4194304,512,1000,64,93424,1.07749,44.8953,41.6667
double,4194304,512,10000,64,930269,0.108209,45.087,416.667
double,4194304,512,100000,64,9.17885e+06,0.0109669,45.6953,4166.67
float,4194304,1,1,64,167.187,301.05,25.0875,0.0833333
float,4194304,1,10,64,405.386,124.157,103.465,0.833333
float,4194304,1,100,64,3851.4,13.0684,108.903,8.33333
float,4194304,1,1000,64,37128.7,1.3556,112.967,83.3333
float,4194304,1,10000,64,368976,0.136409,113.674,833.333
float,4194304,1,100000,64,3.71273e+06,0.0135565,112.971,8333.33
float,4194304,4,1,64,149.418,336.852,28.071,0.0833333
float,4194304,4,10,64,405.302,124.183,103.486,0.833333
float,4194304,4,100,64,3788.38,13.2858,110.715,8.33333
float,4194304,4,1000,64,37585.3,1.33913,111.594,83.3333
float,4194304,4,10000,64,375496,0.13404,111.7,833.333
float,4194304,4,100000,64,3.76614e+06,0.0133643,111.369,8333.33
float,4194304,16,1,64,148.832,338.178,28.1815,0.0833333
float,4194304,16,10,64,416.678,120.793,100.66,0.833333
float,4194304,16,100,64,3909.33,12.8748,107.29,8.33333
float,4194304,16,1000,64,38827.3,1.29629,108.025,83.3333
float,4194304,16,10000,64,385895,0.130428,108.69,833.333
float,4194304,16,100000,64,3.83908e+06,0.0131104,109.253,8333.33
float,4194304,32,1,64,155.101,324.509,27.0424,0.0833333
float,4194304,32,10,64,450.08,111.828,93.1902,0.833333
float,4194304,32,100,64,4160.32,12.098,100.817,8.33333
float,4194304,32,1000,64,40255.9,1.25029,104.191,83.3333
float,4194304,32,10000,64,408814,0.123116,102.597,833.333
float,4194304,32,100000,64,4.16225e+06,0.0120924,100.77,8333.33
float,4194304,64,1,64,165.747,303.665,25.3054,0.0833333
float,4194304,64,10,64,466.464,107.9,89.917,0.833333
float,4194304,64,100,64,4463.02,11.2775,93.9791,8.33333
float,4194304,64,1000,64,46275.4,1.08765,90.6378,83.3333
float,4194304,64,10000,64,461469,0.109068,90.8902,833.333
float,4194304,64,100000,64,4.47931e+06,0.0112365,93.6373,8333.33
float,4194304,256,1,64,177.078,284.234,23.6861,0.0833333
float,4194304,256,10,64,541.19,93.0017,77.5015,0.833333
float,4194304,256,100,64,4624.4,10.8839,90.6994,8.33333
float,4194304,256,1000,64,45802.3,1.09889,91.5742,83.3333
float,4194304,256,10000,64,456226,0.110322,91.9347,833.333
float,4194304,256,100000,64,4.56873e+06,0.0110165,91.8045,8333.33
float,4194304,512,1,64,305.066,164.986,13.7489,0.0833333
float,4194304,512,10,64,977.126,51.5099,42.9249,0.833333
float,4194304,512,100,64,8202.47,6.13616,51.1347,8.33333
float,4194304,512,1000,64,79868,0.630186,52.5155,83.3333
float,4194304,512,10000,64,794508,0.0633494,52.7912,833.333
float,4194304,512,100000,64,7.80451e+06,0.00644905,53.7421,8333.33
double,8388608,1,1,64,558.762,360.309,15.0129,0.0416667
double,8388608,1,10,64,905.171,222.418,92.6743,0.416667
double,8388608,1,100,64,8747.87,23.0144,95.8932,4.16667
double,8388608,1,1000,64,84333.6,2.38726,99.4694,41.6667
double,8388608,1,10000,64,841011,0.239386,99.7444,416.667
double,8388608,1,100000,64,8.59798e+06,0.0234156,97.5648,4166.67
double,8388608,4,1,64,589.373,341.595,14.2331,0.0416667
double,8388608,4,10,64,954.394,210.947,87.8946,0.416667
double,8388608,4,100,64,9035.09,22.2827,92.8448,4.16667
double,8388608,4,1000,64,89035.7,2.26119,94.2162,41.6667
double,8388608,4,10000,64,884424,0.227636,94.8482,416.667
double,8388608,4,100000,64,8.86577e+06,0.0227083,94.6179,4166.67
double,8388608,16,1,64,570.31,353.012,14.7088,0.0416667
double,8388608,16,10,64,925.264,217.588,90.6618,0.416667
double,8388608,16,100,64,8891.57,22.6424,94.3433,4.16667
double,8388608,16,1000,64,90742,2.21867,92.4446,41.6667
double,8388608,16,10000,64,902381,0.223106,92.9608,416.667
double,8388608,16,100000,64,9.0168e+06,0.0223279,93.0331,4166.67
double,8388608,32,1,64,571.328,352.384,14.6826,0.0416667
double,8388608,32,10,64,942.592,213.588,88.9951,0.416667
double,8388608,32,100,64,9053.9,22.2364,92.6519,4.16667
double,8388608,32,1000,64,91482.1,2.20072,91.6968,41.6667
double,8388608,32,10000,64,907440,0.221862,92.4426,416.667
double,8388608,32,100000,64,9.12155e+06,0.0220715,91.9648,4166.67
double,8388608,64,1,64,578.486,348.023,14.501,0.0416667
double,8388608,64,10,64,962.771,209.112,87.1298,0.416667
double,8388608,64,100,64,9124.27,22.0649,91.9373,4.16667
double,8388608,64,1000,64,95115.1,2.11666,88.1943,41.6667
double,8388608,64,10000,64,956728,0.210432,87.6802,416.667
double,8388608,64,100000,64,9.99188e+06,0.020149,83.9543,4166.67
double,8388608,256,1,64,575.933,349.566,14.5653,0.0416667
double,8388608,256,10,64,996.566,202.02,84.1751,0.416667
double,8388608,256,100,64,9438.66,21.33,88.875,4.16667
double,8388608,256,1000,64,94313.7,2.13465,88.9437,41.6667
double,8388608,256,10000,64,944228,0.213218,88.8409,416.667
double,8388608,256,100000,64,9.54506e+06,0.0210922,87.8843,4166.67
double,8388608,512,1,64,578.23,348.177,14.5074,0.0416667
double,8388608,512,10,64,1280.15,157.268,65.5283,0.416667
double,8388608,512,100,64,10897,18.4754,76.9808,4.16667
double,8388608,512,1000,64,106124,1.89708,79.0452,41.6667
double,8388608,512,10000,64,1.05901e+06,0.190108,79.2116,416.667
double,8388608,512,100000,64,1.05719e+07,0.0190436,79.3483,4166.67
float,8388608,1,1,64,307.69,327.159,27.2632,0.0833333
float,8388608,1,10,64,822.963,122.318,101.932,0.833333
float,8388608,1,100,64,7874.44,12.7835,106.53,8.33333
float,8388608,1,1000,64,75771.4,1.32851,110.709,83.3333
float,8388608,1,10000,64,755302,0.133276,111.063,833.333
float,8388608,1,100000,64,7.5807e+06,0.0132789,110.657,8333.33
float,8388608,4,1,64,283.13,355.538,29.6282,0.0833333
float,8388608,4,10,64,814.301,123.619,103.016,0.833333
float,8388608,4,100,64,7633.75,13.1866,109.888,8.33333
float,8388608,4,1000,64,76389.8,1.31776,109.813,83.3333
float,8388608,4,10000,64,765141,0.131562,109.635,833.333
float,8388608,4,100000,64,7.67245e+06,0.0131201,109.334,8333.33
float,8388608,16,1,64,286.675,351.141,29.2617,0.0833333
float,8388608,16,10,64,823.312,122.266,101.889,0.833333
float,8388608,16,100,64,7734.27,13.0152,108.46,8.33333
float,8388608,16,1000,64,80669,1.24786,103.988,83.3333
float,8388608,16,10000,64,772491,0.13031,108.592,833.333
float,8388608,16,100000,64,7.75222e+06,0.0129851,108.209,8333.33
float,8388608,32,1,64,289.434,347.794,28.9828,0.0833333
float,8388608,32,10,64,837.904,120.137,100.114,0.833333
float,8388608,32,100,64,7832.45,12.8521,107.101,8.33333
float,8388608,32,1000,64,77199.3,1.30394,108.662,83.3333
float,8388608,32,10000,64,778639,0.129281,107.734,833.333
float,8388608,32,100000,64,7.80459e+06,0.012898,107.483,8333.33
float,8388608,64,1,64,299.936,335.616,27.968,0.0833333
float,8388608,64,10,64,904.819,111.252,92.7103,0.833333
float,8388608,64,100,64,8083.91,12.4523,103.769,8.33333
float,8388608,64,1000,64,81625.1,1.23324,102.77,83.3333
float,8388608,64,10000,64,811830,0.123996,103.33,833.333
float,8388608,64,100000,64,7.95709e+06,0.0126508,105.423,8333.33
float,8388608,256,1,64,299.744,335.831,27.9859,0.0833333
float,8388608,256,10,64,899.885,111.862,93.2187,0.833333
float,8388608,256,100,64,8310.06,12.1134,100.945,8.33333
float,8388608,256,1000,64,82589,1.21885,101.571,83.3333
float,8388608,256,10000,64,825603,0.121927,101.606,833.333
float,8388608,256,100000,64,8.24463e+06,0.0122096,101.746,8333.33
float,8388608,512,1,64,350.522,287.181,23.9318,0.0833333
float,8388608,512,10,64,1075.1,93.6312,78.026,0.833333
float,8388608,512,100,64,9226.19,10.9106,90.9217,8.33333
float,8388608,512,1000,64,90210.9,1.11587,92.9888,83.3333
float,8388608,512,10000,64,901124,0.111709,93.0905,833.333
float,8388608,512,100000,64,8.99968e+06,0.0111852,93.2101,8333.33
double,16777216,1,1,64,1109.94,362.77,15.1154,0.0416667
double,16777216,1,10,64,1938.12,207.755,86.5645,0.416667
double,16777216,1,100,64,17237.8,23.3587,97.3278,4.16667
double,16777216,1,1000,64,169546,2.37489,98.9536,41.6667
double,16777216,1,10000,64,1.69989e+06,0.23687,98.6957,416.667
double,16777216,1,100000,64,1.76575e+07,0.0228035,95.0147,4166.67
double,16777216,4,1,64,1125.53,357.745,14.906,0.0416667
double,16777216,4,10,64,1920.52,209.659,87.3579,0.416667
double,16777216,4,100,64,18077.8,22.2734,92.8057,4.16667
double,16777216,4,1000,64,179621,2.24168,93.4034,41.6667
double,16777216,4,10000,64,1.77821e+06,0.226438,94.3491,416.667
double,16777216,4,100000,64,1.77365e+07,0.0227019,94.5912,4166.67
double,16777216,16,1,64,1136.75,354.215,14.7589,0.0416667
double,16777216,16,10,64,1872.41,215.045,89.6021,0.416667
double,16777216,16,100,64,18075.9,22.2757,92.8154,4.16667
double,16777216,16,1000,64,180957,2.22513,92.7138,41.6667
double,16777216,16,10000,64,1.78598e+06,0.225452,93.9382,416.667
double,16777216,16,100000,64,1.77948e+07,0.0226276,94.2818,4166.67
double,16777216,32,1,64,1141.16,352.847,14.702,0.0416667
double,16777216,32,10,64,1849.63,217.694,90.7059,0.416667
double,16777216,32,100,64,18220.1,22.0994,92.0809,4.16667
double,16777216,32,1000,64,179888,2.23836,93.265,41.6667
double,16777216,32,10000,64,1.80335e+06,0.22328,93.0335,416.667
double,16777216,32,100000,64,1.79807e+07,0.0223936,93.3067,4166.67
double,16777216,64,1,64,1139.4,353.389,14.7245,0.0416667
double,16777216,64,10,64,1872.71,215.011,89.5877,0.416667
double,16777216,64,100,64,18206.8,22.1155,92.1481,4.16667
double,16777216,64,1000,64,180825,2.22676,92.7815,41.6667
double,16777216,64,10000,64,1.82202e+06,0.220993,92.0804,416.667
double,16777216,64,100000,64,1.82438e+07,0.0220706,91.961,4166.67
double,16777216,256,1,64,1193.9,337.258,14.0524,0.0416667
double,16777216,256,10,64,2141.21,188.049,78.3538,0.416667
double,16777216,256,100,64,20604.9,19.5416,81.4234,4.16667
double,16777216,256,1000,64,226433,1.77824,74.0934,41.6667
double,16777216,256,10000,64,2.1616e+06,0.186276,77.6148,416.667
double,16777216,256,100000,64,2.07449e+07,0.0194097,80.8739,4166.67
double,16777216,512,1,64,1147.24,350.975,14.624,0.0416667
double,16777216,512,10,64,1972.22,204.163,85.0678,0.416667
double,16777216,512,100,64,18726.6,21.5016,89.5901,4.16667
double,16777216,512,1000,64,186934,2.15398,89.7492,41.6667
double,16777216,512,10000,64,1.88003e+06,0.214174,89.2391,416.667
double,16777216,512,100000,64,1.90467e+07,0.0211403,88.0847,4166.67
float,16777216,1,1,64,589.142,341.728,28.4774,0.0833333
float,16777216,1,10,64,1811.97,111.109,92.5911,0.833333
float,16777216,1,100,64,15247.6,13.2038,110.032,8.33333
float,16777216,1,1000,64,151060,1.33276,111.063,83.3333
float,16777216,1,10000,64,1.51524e+06,0.132868,110.723,833.333
float,16777216,1,100000,64,1.5291e+07,0.0131663,109.719,8333.33
float,16777216,4,1,64,563.53,357.26,29.7717,0.0833333
float,16777216,4,10,64,1629.9,123.521,102.934,0.833333
float,16777216,4,100,64,15402.3,13.0712,108.926,8.33333
float,16777216,4,1000,64,154171,1.30586,108.822,83.3333
float,16777216,4,10000,64,1.53427e+06,0.13122,109.35,833.333
float,16777216,4,100000,64,1.5334e+07,0.0131294,109.412,8333.33
float,16777216,16,1,64,568.531,354.117,29.5098,0.0833333
float,16777216,16,10,64,1628.13,123.655,103.046,0.833333
float,16777216,16,100,64,15327.9,13.1347,109.456,8.33333
float,16777216,16,1000,64,153074,1.31522,109.602,83.3333
float,16777216,16,10000,64,1.53734e+06,0.130958,109.131,833.333
float,16777216,16,100000,64,1.53834e+07,0.0130872,109.06,8333.33
float,16777216,32,1,64,571.603,352.214,29.3512,0.0833333
float,16777216,32,10,64,1638.77,122.852,102.377,0.833333
float,16777216,32,100,64,15510.3,12.9802,108.168,8.33333
float,16777216,32,1000,64,154338,1.30446,108.705,83.3333
float,16777216,32,10000,64,1.55467e+06,0.129498,107.915,833.333
float,16777216,32,100000,64,1.55352e+07,0.0129593,107.995,8333.33
float,16777216,64,1,64,738.179,272.734,22.7278,0.0833333
float,16777216,64,10,64,1686.27,119.392,99.4933,0.833333
float,16777216,64,100,64,15620.6,12.8885,107.404,8.33333
float,16777216,64,1000,64,155590,1.29395,107.829,83.3333
float,16777216,64,10000,64,1.57007e+06,0.128228,106.857,833.333
float,16777216,64,100000,64,1.56327e+07,0.0128786,107.321,8333.33
float,16777216,256,1,64,680.099,296.025,24.6688,0.0833333
float,16777216,256,10,64,1887.48,106.664,88.8866,0.833333
float,16777216,256,100,64,17963.7,11.2074,93.3953,8.33333
float,16777216,256,1000,64,184312,1.09231,91.0259,83.3333
float,16777216,256,10000,64,1.84388e+06,0.109186,90.9885,833.333
float,16777216,256,100000,64,1.84566e+07,0.0109081,90.9008,8333.33
float,16777216,512,1,64,601.872,334.501,27.8751,0.0833333
float,16777216,512,10,64,1746.58,115.269,96.0578,0.833333
float,16777216,512,100,64,16454.5,12.2354,101.961,8.33333
float,16777216,512,1000,64,166396,1.20993,100.827,83.3333
float,16777216,512,10000,64,1.63843e+06,0.122878,102.398,833.333
float,16777216,512,100000,64,1.64972e+07,0.0122037,101.698,8333.33
